amount,elapsed_sec,pc1,pc2,pc3,pc4,is_fraud
20.44,11069,0.8794,0.7778,0.066,1.1272,0
58.79,38919,0.3688,-0.9589,0.8785,-0.0499,0
34.89,19633,-0.6809,1.2225,-0.1545,-0.4283,0
30.52,31441,0.3654,0.4127,0.4308,2.1416,0
29.22,40324,-0.5122,-0.8138,0.616,1.129,0
36.92,59311,-0.8245,0.6506,0.7433,0.5432,0
23.75,41100,0.2322,0.1167,0.2187,0.8714,0
48.37,71948,0.0676,0.2891,0.6313,-1.4572,0
31.32,17272,-0.4704,-0.6389,-0.2751,1.4949,0
20.23,56542,-1.6829,-0.3349,0.1628,0.5862,0
71.45,40702,0.7933,-0.3487,-0.4624,0.858,0
34.71,85766,-1.1333,-0.9195,0.4972,0.1424,0
70.27,73734,-0.4273,0.1585,0.6256,-0.3093,0
58.29,27753,-0.3631,-0.3817,-1.1958,0.487,0
27.78,14426,0.0125,0.4807,0.4465,0.6654,0
37.38,20629,-0.0797,-1.6873,-1.4471,-1.3227,0
18.21,26050,0.3998,-0.9055,-0.3782,1.2992,0
30.42,22562,-0.9336,-0.2054,-0.95,-0.339,0
79.22,61939,-1.7273,0.4344,0.2377,-0.5941,0
12.72,1686,-0.5295,0.2327,0.0219,1.6018,0
33.40,65536,-1.0235,0.1793,0.22,1.3592,0
78.89,57075,1.4633,-1.1888,-0.6398,-0.9266,0
29.61,12486,-1.3767,0.6352,-0.2222,-1.4708,0
17.95,40358,0.8381,1.9967,2.9139,0.4144,0
18.33,67628,-2.132,0.2677,-0.8129,-0.4154,0
24.79,24585,1.066,0.157,-0.1586,-1.0357,0
10.59,1867,-0.4863,-0.0538,1.7679,0.1303,0
88.78,53105,-1.1849,-0.9651,-0.7252,2.1285,0
20.97,79143,0.8385,-0.9029,0.9316,0.385,0
35.68,78237,-0.6548,0.4461,-0.455,-1.2256,0
14.55,22115,0.1726,1.5791,0.16,-0.1186,0
50.84,40568,0.2194,-0.4109,1.1063,0.4288,0
138.19,27296,0.1832,-1.2245,-1.3682,1.6509,0
160.60,77061,-0.3832,1.4614,-1.107,-0.8947,0
67.67,13243,-0.3946,-0.0051,-0.1634,0.3376,0
124.71,24131,0.6439,-2.0502,-0.0487,-0.8432,0
15.26,11389,-0.8782,-0.3341,0.9159,-1.3264,0
41.45,37483,0.4885,-0.4842,-0.3277,1.0028,0
62.21,10692,1.3374,-0.1545,-0.6959,-0.2239,0
49.11,12805,-1.0844,0.0905,0.2282,2.5175,0
181.54,54775,-0.8532,-0.2874,-1.4634,-0.5907,0
52.06,57331,-0.7291,-0.6541,-2.1473,-0.1627,0
17.29,9430,-0.5294,-0.8769,-0.0943,-1.7577,0
12.51,45879,-1.2874,-1.0968,1.8369,2.9051,0
15.84,21413,-0.3682,0.3416,1.7287,-0.9869,0
33.24,79079,0.4348,-0.3762,-0.1338,-1.3749,0
33.43,79571,-0.2664,0.2322,-0.5553,0.4715,0
90.94,69387,0.3518,0.0532,0.0001,-0.7216,0
52.10,34009,-0.0973,2.0932,1.5734,0.3858,0
21.97,611,0.2612,-1.1124,1.1911,0.2627,0
59.39,32280,-1.7446,0.9274,0.4544,-1.1104,0
27.74,50057,0.0525,-0.2922,-0.1035,-0.252,0
45.70,67346,1.4715,-2.5667,-0.2369,0.1765,0
51.25,5281,-1.7567,0.328,1.7274,-1.5339,0
80.73,12075,-0.3285,-0.0613,-1.0529,-0.3345,0
114.44,57960,1.7323,1.1774,0.4391,1.7439,0
57.47,79172,0.828,-0.2966,0.0665,-0.6974,0
89.27,3036,0.7824,-0.1907,1.1712,0.7509,0
173.56,17487,0.7308,-1.572,-0.067,-1.172,0
26.72,35140,0.6375,-0.6989,-1.0137,0.0328,0
15.28,51294,-0.6711,0.312,1.1553,0.6088,0
6.47,58689,0.072,0.4139,1.6162,-2.0632,0
25.21,45155,0.5909,-1.5816,1.4759,0.3684,0
79.62,79628,0.8138,1.0685,0.2329,0.2344,0
50.21,66901,-0.8633,-0.1475,-0.1525,0.3834,0
90.00,47953,-0.125,1.4815,-0.7436,-0.8223,0
47.55,37834,0.8444,0.0114,1.329,0.8568,0
79.32,36616,2.3277,-0.2052,-2.0035,1.6043,0
28.05,10236,0.1079,1.3096,-1.6023,-1.2516,0
11.23,27249,0.4396,0.5242,0.2763,-1.4128,0
6.37,38215,0.0544,-0.4718,0.4594,0.702,0
45.18,53854,0.2292,0.5301,-0.7047,-0.1796,0
47.34,7814,0.8205,-0.3937,0.5212,-0.2658,0
36.82,13506,-1.9931,-1.2965,-1.4822,-2.3336,0
23.51,4463,0.7494,-0.2849,0.1978,1.0892,0
117.00,38581,-0.7695,1.3536,0.0921,-0.8374,0
25.14,3469,-1.4805,-0.8881,-0.358,0.8036,0
160.23,64750,0.3928,-1.0405,0.4747,-0.1311,0
9.35,52837,0.9283,-0.605,-0.5339,-1.0698,0
23.96,46916,-0.1892,0.3287,0.3619,1.3207,0
30.75,67744,-1.4769,1.0672,-0.3315,1.1146,0
54.97,39887,0.3488,1.951,2.077,0.0694,0
45.98,43921,1.0762,-0.8457,0.3331,-0.0259,0
51.99,13257,-1.5896,-2.073,-1.1174,-0.4587,0
31.99,35318,1.9372,1.106,-0.9621,0.3477,0
111.61,7877,0.4853,0.9192,-0.3393,1.0639,1
16.22,55982,0.0063,2.5977,0.2231,1.4332,0
43.52,11082,-0.0568,-0.1704,-0.7795,0.4303,0
81.77,13263,0.9656,1.3853,0.3665,-0.2862,1
58.16,42125,0.9355,-1.8314,-0.3356,-1.9908,0
12.23,14946,1.3639,0.8952,-0.7195,-1.5025,0
3.77,43350,2.4204,0.4349,-0.5596,0.4651,0
11.60,82808,-0.2973,0.0995,-0.0861,0.7908,0
53.29,40325,-0.6884,0.8978,1.6289,-0.9701,0
19.88,14148,1.3358,-0.1913,1.4038,-0.4425,0
129.55,72183,0.2582,1.5647,-0.3618,-0.9411,0
28.25,65260,0.4523,-1.5658,0.6375,-0.5388,0
101.32,62488,-0.7866,-1.6865,-0.8262,0.2477,0
35.04,42620,-0.2534,-0.1592,0.2034,-1.0085,0
71.20,76134,0.385,0.5565,0.2964,2.0351,0
37.73,29242,-0.3071,-0.7535,-1.0323,-1.2445,0
19.87,1895,0.3343,0.0511,-0.7655,0.9002,0
73.08,34434,-0.1596,-0.6529,0.5484,0.188,0
12.70,48947,0.262,-0.8997,0.1898,-1.4548,0
117.80,631,1.2479,-0.2525,0.3635,-2.4099,0
16.04,53858,-1.0721,0.7144,1.9973,-1.1766,0
20.70,67565,0.2354,1.6111,-1.2224,0.249,0
173.65,83838,-0.4239,-1.6518,-1.2811,-0.4236,0
26.67,64798,0.8126,0.2417,-1.775,0.5154,0
25.48,56145,-0.6276,-0.6366,0.5411,0.7629,0
57.89,7328,-1.6856,0.538,-1.0343,0.2353,0
12.95,56767,-0.8066,-1.2826,0.7138,0.2416,0
24.75,66849,1.4512,-0.4407,0.0321,0.2689,0
24.64,45844,-0.5335,-0.4116,1.3626,-1.0406,0
5.87,2558,1.6109,2.5493,-0.4053,-1.9368,0
31.55,9897,-0.1899,-1.1134,0.5796,0.5245,0
12.24,23744,0.6992,2.0527,0.172,-0.3373,0
36.10,10311,-1.7307,0.1644,-0.3905,1.8478,0
35.19,49668,1.6679,-1.1037,0.5873,0.3194,0
20.18,83215,1.2125,-0.3238,-1.692,-0.0176,0
19.65,54824,-0.3423,-0.0816,-1.7057,-1.6157,0
59.48,26439,-2.5647,0.7848,0.2724,-0.7139,0
14.11,45752,0.8358,0.3494,2.3826,0.4202,0
55.16,50545,0.8168,0.6251,1.2517,-0.5213,0
28.55,67722,-0.4791,0.7908,1.4984,-0.4588,0
28.79,67352,-0.2458,0.9521,-2.2518,-0.8267,0
21.63,44300,-2.3204,-0.9636,-0.9152,-0.2011,0
98.53,4105,-1.0308,-0.057,1.0492,-0.976,0
19.52,4402,0.5585,-0.2215,0.6475,-0.0136,0
70.90,35836,-0.0121,-0.2107,-1.2159,-1.5635,0
70.01,74542,-0.351,-1.0223,-0.0962,1.128,0
6.52,78984,-0.9229,1.4612,0.2826,0.7673,0
16.25,41460,-1.1195,0.4478,0.0583,0.5487,0
34.81,1776,0.1581,0.7778,0.807,-1.6199,0
6.70,79386,1.0017,1.1877,-1.0206,-1.8598,0
43.78,24249,1.7976,0.5163,-0.3717,-0.8931,0
40.82,73731,-0.2993,-1.0151,2.0488,1.7852,0
100.37,63429,0.855,0.6396,0.4425,1.2497,0
67.24,70256,0.74,0.6369,0.3408,-1.7836,0
43.25,60661,-1.2798,1.6818,1.729,1.3592,0
49.61,14298,1.3506,0.0121,0.2028,-1.0935,0
55.57,68633,-1.3027,-0.0512,-0.0797,1.7976,0
82.71,43830,0.0114,0.2488,0.0442,-0.2029,0
17.01,15755,-0.7461,-1.2503,0.5112,0.3913,0
9.69,23603,-0.1227,0.9957,1.0592,1.0258,0
41.73,53540,-1.0837,0.3446,0.3793,1.2873,0
97.51,52770,-0.1322,-1.2442,-0.3191,0.2172,0
34.41,3038,0.2529,-0.504,-0.6281,0.3115,0
29.32,68776,0.2441,0.2732,-1.1394,-0.4812,0
127.77,79480,0.3182,-1.1621,-2.1167,-1.8618,0
41.40,74216,0.0309,-0.1176,1.2142,-2.6728,0
55.52,82058,-1.1278,-0.3798,-0.7529,-0.8943,0
31.16,49242,1.4275,1.8374,-0.3359,1.9051,0
41.62,69550,-0.0933,0.1311,0.3655,3.1789,0
79.92,62148,-0.7073,0.969,-0.3618,-0.4898,0
83.67,29206,0.2786,0.014,0.3366,0.425,0
8.59,32590,0.6666,-0.982,-1.4423,-0.0584,0
43.26,29705,0.831,-1.3422,-0.4069,-0.5849,0
38.97,24028,0.2789,-1.0079,0.7243,0.063,0
8.90,76344,-0.0123,-0.221,-0.1034,-0.028,0
48.45,9563,0.9476,-1.1111,-1.172,-1.0933,0
50.96,81326,-0.4313,-2.5017,-1.704,-0.833,0
25.89,26305,-0.4084,0.0386,-0.3117,1.0493,0
23.55,45276,0.4789,-1.5356,0.3897,0.1026,0
35.95,63515,1.5883,-0.6222,2.0603,-0.2254,0
14.56,33255,-1.0762,-0.7518,0.397,0.5556,0
24.59,22856,0.9874,1.1575,1.4363,0.5294,0
120.39,28778,-0.3179,-0.867,0.1192,-0.5714,0
35.41,21150,1.8822,-0.1697,0.4138,-0.2323,0
42.97,31079,0.4483,1.1653,1.6474,0.3096,0
64.82,10857,-1.1509,-0.0879,0.9403,0.866,0
47.91,143,0.4908,1.2003,0.2894,-0.3557,0
52.91,27780,-2.9306,0.3829,-3.6484,-1.7235,0
58.06,71603,-1.1624,-0.7121,1.3705,-0.484,0
243.31,79545,-0.0019,0.408,1.6169,0.131,0
18.14,24814,-0.0356,-1.3647,-0.2558,-0.7422,0
84.73,55210,0.0346,-0.2828,-0.1062,0.2231,0
66.25,55957,-1.0416,1.1047,-0.4123,-1.4168,0
57.69,27575,0.4634,-1.5307,0.2295,0.7356,0
54.57,50428,-1.4043,0.331,-0.3026,-0.4828,0
81.16,3477,1.4793,1.7944,1.3148,-0.1097,0
53.63,12918,0.1212,0.1308,0.8238,-0.0593,0
22.57,62189,-0.4145,0.6339,0.003,0.3402,0
69.14,11343,0.7562,0.3788,-1.2348,1.4423,0
27.10,56636,-1.6551,-1.045,-1.021,0.0522,0
32.49,66173,0.6197,0.3399,0.316,0.4098,0
66.22,11979,-2.108,-0.3644,-2.1802,0.0361,0
40.30,5540,1.1876,0.2028,-0.5004,0.4852,0
26.51,27690,-0.0014,0.9861,-0.5578,0.8057,0
69.54,28349,0.9739,0.6986,0.1019,-0.7623,0
20.34,27839,-0.5377,0.5426,-0.9556,0.4375,0
14.98,86118,0.1096,2.4451,-1.3773,1.472,0
45.60,66067,0.4112,0.1183,0.4447,-0.1537,0
129.44,56802,1.1322,-0.6444,-0.0603,-1.072,0
58.21,70507,1.4451,-0.0774,-0.1969,-1.1146,0
33.67,38931,-0.9129,0.2268,1.319,2.8092,0
25.30,86279,1.4353,0.2438,-0.1512,0.4326,0
42.50,41141,-0.4083,-1.3981,-1.5436,0.6532,0
32.42,76450,-0.5961,0.0085,0.7949,0.1804,0
23.93,2053,-0.0671,1.5792,0.4946,0.9737,0
109.24,86350,1.1301,0.6141,0.5983,0.5197,0
68.85,4661,-1.0558,-0.4946,1.3036,0.8402,1
132.94,68036,-0.2717,-1.1522,-0.2404,0.102,0
43.09,79119,-0.3613,0.352,-0.9886,0.4503,0
40.55,8302,-0.7498,-0.2358,-0.1842,-0.2702,0
166.85,29566,-0.2439,-2.0975,-0.8942,-0.2631,0
23.37,14515,1.3817,-0.1649,1.2884,0.0617,0
41.67,17406,0.0038,1.7188,-2.3196,-2.0015,0
26.19,43561,0.0145,0.6901,0.4731,-0.3842,0
91.40,3796,0.1841,0.9627,0.2726,-0.5615,0
70.69,71116,0.1106,0.0013,1.473,-2.4509,0
13.01,53322,-0.3633,-0.2546,-1.5073,-0.9852,0
20.31,19076,2.4574,1.8017,-0.4117,-0.3636,0
16.13,32143,-0.1169,-0.9979,-0.0849,-1.6002,0
21.99,42006,0.1486,0.3662,0.4175,-1.3205,0
80.14,55242,0.6329,-0.0106,-1.3764,-0.3162,0
54.18,58462,0.613,-0.141,1.5318,1.0075,0
32.94,41011,1.9338,1.9605,-1.228,-0.9265,0
132.68,5139,-1.0583,-1.3225,-0.4862,0.4202,0
37.27,56293,-0.6742,-0.7123,-0.8795,2.2816,0
51.32,74328,0.8868,-0.4891,-0.186,-0.7136,0
4.85,65072,-1.8106,-2.2498,-1.1954,1.325,0
39.03,9279,1.2906,0.411,0.7826,-0.9009,0
61.51,5385,-0.5766,0.5595,0.5662,-0.5496,0
16.47,27988,-1.1841,0.0865,0.327,-0.7925,0
41.32,56556,0.6182,1.5519,1.277,-1.0013,0
155.53,27741,-0.531,1.0449,0.068,-0.4121,0
9.52,63115,-1.5594,0.9673,1.5168,-0.7969,0
51.50,33824,-0.7254,-0.6285,0.7745,-0.0385,0
162.67,26411,0.9993,0.0974,0.7958,-0.4472,0
38.88,14347,-0.1155,-0.8361,0.6621,0.6502,0
65.03,85737,1.4493,-0.3749,0.3731,-0.6236,0
41.21,4542,-0.5997,1.6201,0.3637,-0.218,0
105.10,13049,-2.0141,0.7958,0.0605,0.2504,0
14.00,73625,-0.0232,2.0035,0.8242,0.1697,0
28.47,37560,-2.1292,0.2576,0.8455,-1.5756,0
23.83,66952,-1.1575,-0.9654,0.0535,-2.0844,0
66.12,43661,-0.2511,-2.4807,-0.9964,1.2329,0
4.38,41624,-0.3475,-1.18,0.8046,-0.6751,0
55.88,61007,1.8362,-0.2029,0.376,-1.4851,0
104.83,26248,-0.7605,-0.5608,-0.0222,-1.5629,0
48.57,50216,0.2929,-1.5889,-0.1238,0.742,0
9.00,39893,-1.0748,0.8765,0.2701,0.412,0
179.04,21182,0.6579,2.7107,-0.2138,-0.7979,0
56.95,6975,0.439,-0.5267,-1.0324,2.3098,0
52.53,17577,0.9159,-0.1091,-0.2529,0.5623,0
14.39,60980,0.3526,1.913,0.4662,-0.3762,0
26.96,75275,-0.254,-0.3778,0.9163,-1.7332,0
80.61,49027,-0.3797,0.3769,-1.127,1.3286,0
109.56,11015,-1.5148,0.8291,0.4049,-1.6053,0
39.67,61157,0.3645,0.5561,0.1773,0.2912,0
131.48,37838,-2.8671,-0.3174,-0.1647,-1.7521,0
43.61,60898,1.2488,-1.0866,0.3364,-0.9158,0
23.63,72157,-0.5426,0.4622,-1.8712,1.8623,0
65.50,52895,-0.1825,0.5755,-1.4098,1.1825,0
31.21,30701,-0.4917,-0.5807,0.6947,0.2559,0
68.13,13271,-0.0088,0.5132,-0.4188,2.2297,0
11.54,53988,1.3679,-0.8522,2.2293,0.9955,0
87.96,81980,0.028,-0.2172,-0.2094,0.3905,0
124.08,16035,-0.9114,0.8244,0.9212,0.6547,0
73.43,56435,-0.2709,-0.929,-0.8682,-1.6355,0
48.89,2719,-0.44,-2.9556,-1.2473,1.1208,0
23.77,43907,0.3606,-1.3907,1.4387,-0.144,0
51.01,51657,1.5164,-0.3066,-0.5932,-0.3255,0
60.82,84791,-0.1052,-0.3952,1.4672,-0.1142,0
254.59,66572,1.7853,0.3573,0.963,-0.7246,0
20.43,54524,0.4597,0.9886,0.0403,-1.2864,0
13.62,46002,-1.7676,0.1095,1.125,-0.0134,0
6.63,18618,-0.1908,-0.1628,2.096,-1.4571,0
29.59,24424,0.45,0.5633,0.1146,0.3299,0
75.35,17078,-0.8095,0.8781,-1.373,0.3284,0
46.66,21458,-0.0227,-0.6225,-1.0717,-0.3536,0
16.72,26639,0.3228,-1.1501,0.712,-1.1815,0
25.71,23919,1.3251,0.3303,-0.2117,0.4987,0
7.50,20801,-0.0431,1.9975,0.1323,0.0679,0
62.71,60565,-1.9975,-1.6823,0.2103,-0.7149,0
115.54,26176,-0.3152,-1.9345,-1.268,-2.7497,0
33.54,71918,-0.4245,1.0789,1.1985,-0.1704,0
7.33,78503,0.6173,0.5554,0.3094,0.9815,0
15.93,85493,-0.9594,0.7492,-1.6873,-0.9303,0
136.06,9387,-0.2609,0.8399,0.237,-0.105,0
120.43,54339,-1.7807,-0.8032,0.5512,0.3955,0
11.55,81112,-0.7243,-0.5817,-0.3655,-1.3759,0
24.47,57969,0.7715,0.8091,-0.1458,-0.392,0
45.24,16581,-0.8166,-1.1468,-0.9402,-0.6348,0
15.95,48527,0.7297,-1.5871,0.0251,-0.2199,0
53.15,22861,-0.0129,-1.4536,-1.2624,0.0294,0
92.11,31406,0.3457,1.1896,-0.153,0.5502,0
23.05,85888,-0.1194,-1.6209,-2.3443,0.9428,0
18.39,48761,-1.3864,-1.41,-0.1738,-0.7296,0
54.73,35428,0.4525,0.3208,0.2386,1.5778,0
17.22,7514,1.1327,1.2645,-1.4218,-0.3124,0
119.88,65195,0.5081,0.1953,-0.2177,-0.3838,0
50.94,51957,-0.0426,0.0786,-0.6781,0.5321,0
416.30,23685,-1.777,0.324,-0.7602,0.5774,0
41.98,37451,1.1755,0.1924,1.1321,-2.3443,0
144.37,67643,0.3751,1.0778,-1.2199,-0.8308,0
45.46,52059,0.2831,1.0845,-1.7652,0.9738,0
40.72,11084,-0.2038,-1.4711,0.503,-2.4141,0
67.95,85258,0.0535,-0.1192,1.1695,-0.1787,0
23.21,20592,-0.5066,1.2729,0.5363,-0.3856,0
33.48,68839,0.3885,-1.7598,0.7518,0.1286,0
273.02,16289,-1.1001,-0.1027,1.7983,1.1914,0
23.17,51613,0.002,0.282,-0.6987,-0.0893,0
11.26,35629,0.1351,0.45,-0.2274,-1.6151,0
89.20,25413,-0.726,-0.2806,-1.5007,-1.0254,0
26.30,56892,1.2284,-0.6395,0.6402,-0.5383,0
49.32,72682,0.8731,-0.5348,-1.5725,-1.3819,0
26.43,34252,-1.2491,0.4102,-0.4658,2.3746,0
10.07,35219,-1.128,-0.4934,0.1414,-2.3254,0
48.88,2348,1.9029,-0.4534,0.2598,1.0249,0
35.48,72333,-2.2757,0.641,-0.1132,-1.0127,0
44.76,70135,-0.5837,-0.5284,0.6063,-1.3384,0
93.49,16191,-0.6627,1.9229,1.1274,0.0976,0
19.06,10377,-0.5293,0.0733,0.0375,-0.0909,0
39.46,38015,-1.442,-0.5165,0.9146,-1.3683,0
34.76,45111,-0.8198,0.1114,-0.3886,1.4774,0
60.66,59536,0.6712,-0.7747,-0.577,0.3138,0
27.29,28529,0.8929,-0.7745,-0.6189,-0.6564,0
25.73,21488,0.6288,1.7099,2.2676,-1.0307,0
42.79,25041,-1.1762,-0.7776,-0.6301,-1.0572,0
17.44,4445,-1.2167,0.8421,-0.9178,2.8096,0
28.19,35340,0.072,-1.2953,1.7061,1.1195,0
51.29,80333,0.2107,-1.1214,1.4624,0.8092,0
43.66,42492,-2.4364,-0.9834,0.6878,1.2129,0
98.23,44333,0.3016,1.0155,-1.6583,-0.0079,0
50.35,38929,-0.3008,-1.8522,-0.3257,-0.3273,0
35.93,9120,-0.443,-0.0397,0.4425,-0.3044,0
29.14,81308,0.0924,-1.9209,0.477,-0.0006,0
41.75,42516,-1.9528,-1.9738,0.2738,-0.0071,0
46.35,73416,-0.4621,0.6644,0.9326,0.484,0
32.83,62358,0.7692,1.2217,0.6446,-0.8796,0
69.34,74301,0.8605,1.5588,-0.8761,-0.2265,0
73.54,82991,-1.1173,0.4146,0.5787,0.088,0
48.21,23252,-0.2587,1.4783,-0.9007,-0.5873,0
40.80,37159,-1.4974,-1.3103,-2.0377,0.0327,0
16.53,16304,-0.3846,0.6614,-0.6415,0.2313,0
31.83,59377,0.4751,-0.6919,-0.1687,1.0437,0
55.41,5611,-1.397,0.6556,-1.0846,1.4125,0
91.77,54151,0.1572,-0.209,0.6785,-0.3708,0
48.84,77159,0.8719,-0.5618,-0.6162,-1.1944,0
17.26,75275,0.7298,1.8089,1.4253,-1.6261,0
72.23,42687,1.4221,-0.4568,0.1014,-2.0079,0
50.07,21398,0.1996,-1.5612,0.5429,1.0245,0
21.62,52738,-1.1369,-2.156,-0.2664,-0.5816,0
11.70,14027,-0.45,-1.0757,-0.5546,1.0713,0
65.52,35763,-0.13,0.6191,-1.1609,0.0324,0
45.51,61797,0.4355,-0.7804,0.5098,0.5519,0
3.92,83825,1.1903,-3.0476,-0.616,1.0253,0
31.38,57254,-1.0937,1.0269,-1.9215,1.129,0
38.70,63916,-1.1924,-0.5831,-1.0172,0.8662,0
72.67,32572,-0.4036,-0.8632,1.2935,-1.3501,0
145.97,18971,-0.0333,-1.1619,-0.6773,-0.8016,0
14.59,10722,-1.2279,-2.1804,-0.3797,-1.8029,0
22.16,22282,-0.9091,-0.8712,2.001,0.0564,0
49.22,44191,-0.654,0.2153,-1.0245,0.9081,0
15.45,28948,-0.2864,-0.5861,0.1643,-0.6405,0
32.57,23394,-0.7344,0.4851,0.2384,-0.0886,0
28.66,13192,0.7965,-0.2358,-0.3067,0.1047,0
157.16,26449,0.7699,-1.8932,0.2173,1.5751,0
59.80,32289,0.1706,-0.5604,0.031,-0.2521,0
21.57,12521,0.1984,-0.7672,-0.8063,-1.3602,0
55.29,1886,0.5453,0.2317,0.9652,0.0879,0
55.35,66499,-0.0915,-0.5308,2.2142,-0.452,0
23.74,68044,0.434,0.2519,-1.4048,1.1227,0
37.51,6725,1.1888,0.6257,-1.2645,1.7772,0
68.51,39096,-0.0102,1.5902,0.1593,-0.0281,0
23.85,47328,0.4766,0.0147,-0.79,0.1299,0
38.25,36603,-1.3335,-1.4718,0.5652,-2.6019,0
47.67,28442,1.3082,-0.4935,0.6595,-0.3969,0
44.30,45854,0.7368,-0.4626,0.9966,-0.9937,0
51.20,43762,0.66,1.9164,-0.7634,-1.3791,0
18.26,30690,0.6604,0.4979,0.1023,-1.123,0
74.70,48777,1.1589,2.8574,0.3665,0.5831,0
27.27,42733,-1.8102,-0.6027,-1.0929,-1.447,0
160.43,45511,0.3797,-0.309,-0.1729,0.9646,0
39.41,14070,0.5307,-0.196,-0.3422,-1.4069,0
8.31,28998,0.0565,-1.2861,-0.0345,0.0538,0
7.21,23665,-0.9151,0.4073,0.3871,-1.1537,0
45.91,51796,0.7771,-0.0953,-0.468,-0.6293,0
58.81,85605,0.1951,0.6294,0.1319,0.8188,0
43.63,61713,0.8708,-0.8045,-1.8081,1.5435,0
49.67,69672,-1.7145,-0.7138,0.7719,-0.2797,0
26.85,69366,-1.0473,-0.7982,0.2114,0.3905,0
60.16,52048,0.9112,0.1986,0.4894,-0.2592,0
42.53,15993,0.2151,0.7725,0.5551,0.0442,0
21.17,23357,0.0677,-0.028,0.1932,2.2065,0
26.60,47625,1.0685,0.098,2.3378,-0.378,0
52.42,35718,-0.7988,-0.3515,0.2489,0.8463,0
52.21,26207,-0.095,-0.3322,2.704,0.3942,0
22.75,50471,-0.6943,-0.9427,0.9366,-0.3644,0
44.79,25478,0.7315,-0.8467,-1.0756,0.2243,0
65.42,22339,0.3325,-0.8095,0.6775,-0.7439,0
26.65,61592,1.3012,0.6334,0.605,1.2472,0
383.80,8998,-1.7092,-0.7384,-0.6162,-0.8508,0
17.08,63713,-1.2166,0.335,0.0517,0.481,0
60.71,35956,0.603,-0.3734,2.1211,0.2344,0
9.12,69042,-1.7405,0.0173,-0.1218,-0.4684,0
202.10,82067,0.549,0.7261,-0.9311,-0.9991,0
41.66,57420,-1.8563,-0.1803,0.0141,-0.2151,0
21.10,33343,-0.5395,-0.1769,0.0908,0.6048,0
96.03,25866,-0.4562,0.4377,0.6108,-0.4342,0
76.12,45099,0.9796,1.2917,1.7783,-0.8664,0
40.90,60851,-0.0981,-0.6493,-1.4856,0.0927,0
21.87,64931,0.086,-0.794,-1.0997,0.2343,0
45.64,61255,2.1859,0.2773,0.4851,-1.0776,0
14.45,18685,1.5828,-0.9235,-1.0439,-0.0391,0
37.63,7194,-0.305,1.2294,-0.806,-1.3937,0
85.98,17262,0.4923,-0.6205,-1.5822,-0.7446,0
38.72,82559,-1.0366,-0.0845,0.6751,-2.3813,0
92.48,63028,-1.1825,0.332,0.2467,1.0846,0
62.85,53376,-0.7848,0.1382,-0.195,0.4776,0
76.06,85968,0.6085,-0.2143,-1.8463,-0.4555,0
56.44,82335,0.6313,0.9084,0.1269,-3.0638,0
14.55,5786,1.8862,-0.5465,-1.9841,1.2352,0
40.88,27006,0.277,0.4586,0.363,0.6975,0
250.12,71432,0.971,-1.5803,0.4467,1.1415,0
105.86,81939,1.1649,0.9277,2.5725,-0.75,0
26.95,24888,-0.3061,-0.4902,-0.89,-2.7627,0
28.57,66348,-0.4932,1.9354,0.0134,1.291,0
49.86,36827,0.8264,0.2792,1.3688,0.0559,0
60.15,79369,-0.2883,0.405,2.2344,-0.2704,0
56.58,59202,1.2578,1.1403,0.0117,-2.3834,0
61.15,69660,1.4699,0.1695,0.9997,-0.9021,0
11.68,75349,0.2608,-0.0336,-0.4915,0.0847,0
370.16,23288,1.0495,0.8439,1.4795,-0.1901,0
7.82,3877,-0.1886,0.8117,-0.9698,-0.1764,0
23.26,43541,0.7495,0.6515,0.6216,-0.0372,0
47.37,10707,-1.1852,-2.1864,0.1501,0.324,0
106.42,46153,1.57,-0.998,-0.3523,0.4803,0
306.59,80519,1.4801,1.1194,-0.3878,-0.8832,0
257.81,10987,0.0616,0.1852,1.5929,-0.3547,1
5.75,10700,0.5044,-0.699,0.0426,-0.0867,0
32.49,77058,-1.5329,-0.517,0.684,-0.6141,0
11.17,62065,0.6686,1.1231,-0.045,-1.9608,0
71.15,552,0.3088,-0.8875,-1.1598,-0.4419,0
130.54,2914,-0.3442,0.8887,-0.4461,0.9802,1
50.65,24664,-0.8659,-1.6475,0.2907,-0.3546,0
6.06,68277,-0.5357,-0.901,1.5757,-1.7028,0
12.77,77710,1.3568,-0.745,-0.6321,0.6162,0
6.29,71490,-1.8612,-0.2807,1.5499,-0.4357,0
43.85,32468,2.1069,-0.5768,-0.0168,1.8221,0
11.97,16677,1.0276,-1.0183,0.1025,-0.2426,0
18.79,49548,-1.676,-0.9831,0.2764,0.9955,0
36.46,9574,0.0701,0.5712,-0.9716,0.7397,0
77.90,58624,-0.3761,-0.4581,0.769,0.8191,0
26.36,43079,-0.4032,0.5411,-0.8276,-0.4105,0
43.45,76078,-0.6046,-1.8424,-1.9166,-1.2594,0
14.15,39968,-0.1546,-1.1889,-0.7028,-0.7741,0
28.43,34419,0.6619,0.0161,-0.461,-0.4332,0
52.57,48670,0.5842,-0.9076,0.0365,-2.0316,0
47.91,44409,-0.2801,1.8165,-0.8812,0.2174,0
39.30,59658,-0.1003,-0.1143,0.1071,0.848,0
121.78,71744,0.2298,-0.0023,0.8153,-0.7018,0
74.65,21584,-0.762,1.0907,2.2106,-0.1221,0
7.00,28147,1.2319,0.5531,0.2489,1.0087,0
59.59,24643,1.2177,0.9194,1.5217,0.3588,0
83.45,27917,-0.6015,1.7068,0.2162,0.8049,0
44.66,34220,-0.5865,0.011,1.436,0.5552,0
10.29,22601,1.7823,-0.2138,-1.8005,1.893,0
69.82,60197,-0.07,-0.3714,1.0824,-0.542,0
101.35,7531,0.2447,0.1455,-0.175,1.0456,0
20.24,34764,-1.6219,0.6144,0.6312,0.4802,0
56.05,72274,0.7875,-0.0456,-0.4871,-0.3119,0
203.67,57663,-1.735,0.4998,-1.6791,-0.1082,0
28.59,45619,0.389,-0.38,-2.0992,0.8396,0
127.49,42581,1.4901,0.359,0.0461,1.3282,0
155.39,50481,-0.9415,0.2013,0.4395,-1.8096,0
58.88,80509,2.273,0.6399,1.4734,0.1829,0
38.15,60389,-0.8158,-0.9638,1.2663,1.3723,0
18.30,45012,0.968,-0.087,0.3398,0.4602,0
89.61,71581,1.4102,0.3094,0.6242,-0.8333,0
227.45,76171,0.4698,0.713,-1.6082,-0.8227,0
108.89,18031,-1.9138,1.0383,-0.5438,1.4113,0
37.70,34078,0.2047,1.179,-0.8975,-0.9928,0
34.56,52478,-1.3309,-1.668,0.8237,-0.603,0
29.55,6057,-1.8568,-0.679,-0.0076,0.9304,0
21.82,60021,-0.6846,-0.6831,1.5374,0.2115,0
26.01,64423,-0.1551,1.3531,1.4662,-0.8168,0
39.10,41987,-0.9862,-0.0557,0.0053,1.1402,0
106.27,44162,-0.3292,-0.214,0.6643,-0.5852,0
64.77,2140,-0.9694,-0.9568,1.4471,-0.1564,0
150.25,33511,-0.5136,0.2912,2.3927,-1.0574,0
8.86,2569,-0.8268,-0.0207,-0.5859,0.2682,0
18.91,74352,-0.1799,0.4498,-1.0083,-0.7001,0
30.63,21977,-0.4226,0.1188,-0.3995,-0.2714,0
39.81,64006,-0.6557,0.6911,1.436,-0.4644,0
59.63,69068,0.3655,1.5658,0.5087,-1.7734,0
58.16,15683,1.2329,-0.2216,0.9956,-0.6901,0
12.32,66910,-1.7565,-0.2398,1.2868,-1.9098,0
14.53,16127,-1.032,-0.0633,-0.3657,1.3991,0
86.79,45417,0.1456,0.3932,-0.862,0.8572,0
16.62,58246,0.8354,1.1861,0.2109,-0.1762,0
55.71,70537,0.3023,-0.1134,-0.0506,0.7065,0
38.10,85622,-1.1402,-0.1414,0.0676,0.1149,0
46.04,41112,-1.086,0.1757,1.2899,-1.7346,0
46.70,10104,-0.5854,-0.3707,-0.9048,-0.1696,0
176.44,61308,-1.1696,-1.3019,1.7274,-0.4623,0
39.63,6492,-0.4028,-0.9444,-0.2352,2.4582,0
123.18,52597,0.6476,-0.8315,-1.7764,1.0195,0
102.32,5296,1.0461,-0.4699,-0.1668,0.7498,0
55.32,38373,-1.6191,0.1139,1.079,-1.1976,0
67.42,2444,0.3315,0.7501,0.872,-0.6945,0
11.09,80250,0.8891,-0.542,-0.694,-1.8214,0
164.37,63856,0.8257,0.7699,0.9677,0.5767,0
33.27,82361,-0.4276,2.6347,0.5559,-0.4638,0
58.70,56145,-1.0109,1.5045,-0.6611,0.5011,0
94.90,50750,0.0945,0.0108,-0.0564,-0.5767,0
28.23,5547,1.4796,-0.1085,-0.7858,-0.5163,0
97.54,17264,-0.5729,0.5603,-0.2575,0.5734,0
24.17,64609,-0.2596,0.9698,0.8743,-0.9819,0
20.40,19393,1.7261,-1.9156,0.2783,-1.376,0
24.35,3129,-0.3644,-0.4205,-0.5338,0.0072,0
26.36,16824,0.7799,0.7529,0.8432,-1.5407,0
51.37,8084,0.676,-1.0312,0.0092,-0.1163,0
176.57,49216,-1.6644,2.4939,-0.9152,0.9807,0
87.92,53365,-0.9957,0.4933,-0.1075,0.5543,0
48.64,36938,0.0754,-0.1679,1.0961,0.5804,0
72.64,86146,-0.6646,-1.0453,-0.5677,-0.6208,0
75.87,10208,-0.1551,1.4309,1.3685,0.2434,0
20.96,39419,1.5754,-0.061,0.1262,-0.3396,0
19.85,14626,0.6329,-0.7834,3.0595,-1.0861,0
14.79,50957,0.5101,1.5293,0.0646,0.5722,0
9.25,63745,-1.0736,-1.895,0.117,-2.2428,0
14.04,27784,-0.5372,-0.8313,0.3964,0.3056,0
82.69,46537,1.1408,-0.0019,0.3035,0.5115,0
45.30,68977,-0.3972,-0.3324,-0.8176,0.4216,0
37.52,28087,-0.6382,-0.6632,-0.6622,-1.2104,0
88.51,21422,0.0786,-0.8628,0.8085,-0.5604,0
13.13,85752,-0.5371,-0.4089,0.0412,1.1426,0
41.10,15838,-1.1991,0.5439,-0.485,1.8879,0
40.41,15067,0.3574,1.9446,1.5759,1.831,0
17.89,53015,0.9122,-0.722,0.2243,-1.273,0
24.15,80184,0.8986,0.8007,0.2768,-1.3504,0
31.52,71010,-0.7461,0.8697,1.1782,1.0564,0
22.11,40379,-1.767,1.4216,-0.4013,-0.7507,0
150.52,21155,1.2652,0.0244,-0.2934,-0.1321,0
48.51,38778,0.4225,0.726,1.1693,-1.1697,0
73.99,60323,-0.2946,-2.5161,-2.1282,-1.0181,0
61.87,35847,0.1844,1.9509,-1.2691,-0.0274,0
51.60,12207,-0.7363,0.0283,-1.5999,1.4099,0
23.45,61998,-0.0325,1.0281,-0.0533,-0.0307,0
25.35,53376,0.1191,0.318,-0.7843,-0.125,0
24.83,68188,-0.0897,1.5452,-0.1956,0.2593,0
14.05,21485,-0.4471,0.2105,1.586,0.222,0
122.36,69324,1.6274,-0.059,2.3902,-0.4854,0
21.91,38180,-1.2101,2.331,0.8194,-0.3341,0
109.86,5974,1.9661,-1.5478,-0.2654,-0.4625,0
8.34,70481,1.0603,-0.2704,0.7396,2.3598,0
30.49,26137,0.1187,0.9872,-0.5667,-0.631,0
94.23,67471,0.3786,-2.0447,-1.2254,1.5012,0
55.79,22897,-0.1704,0.0132,0.7357,-1.3583,0
20.64,7219,0.273,-0.0998,0.5719,-1.2295,0
53.82,37929,0.4868,0.1391,-0.0959,-0.8349,0
38.18,16130,1.2597,-0.119,-0.8898,-0.4922,0
47.50,86192,0.4853,0.5228,0.889,1.4236,0
89.72,23573,-0.9342,-0.9035,-0.0758,-0.4512,0
16.27,10756,-0.4745,-0.6718,-0.3158,1.1785,0
47.44,36875,2.4718,0.1705,-0.2901,0.0041,0
49.66,51419,2.0767,-0.8453,0.859,0.2078,0
11.51,14949,0.7707,1.2676,-0.8572,-0.0089,0
10.17,25987,1.048,-0.4664,-1.1088,0.2295,0
26.63,30573,-0.4708,0.7393,-1.1617,-0.9054,0
45.75,4729,1.2382,-0.6651,0.9374,-0.7841,0
174.33,61769,-1.1338,1.3285,-0.6565,2.0132,0
64.91,41298,-0.5222,0.7812,1.0526,-0.0707,0
41.92,58580,0.7584,0.1318,-1.2935,-0.813,0
48.82,85612,1.616,0.7795,0.2873,0.7488,0
23.73,6959,-0.1532,-0.8241,-1.2487,0.3335,0
46.92,22188,0.5461,0.2426,0.5566,-0.0427,0
56.28,47952,-0.7261,0.3697,0.6684,-0.6697,0
42.16,20172,-0.5265,-1.1249,1.2658,1.0657,0
62.17,5406,1.9722,-0.1892,3.0318,-0.2275,0
49.61,6478,0.3723,0.8356,-0.1139,1.7767,0
48.98,28563,0.2705,-0.909,0.4185,-0.134,0
24.86,14520,2.6718,-0.2635,-1.457,-0.6982,0
38.81,37959,0.5467,0.5548,0.6766,-0.6449,0
53.11,81750,-0.6196,-0.9177,-1.1884,1.0642,0
70.17,48640,0.9767,0.0393,0.7768,-1.7613,0
80.68,35740,0.6271,0.38,-0.9871,-1.498,0
22.88,23407,0.5649,0.6901,-1.3679,-0.9811,0
22.68,1246,-1.3621,-1.4221,-0.8218,0.0863,0
15.73,41219,-0.1158,1.0586,-1.3018,-0.2064,0
91.82,49138,-0.5737,1.1635,-0.3062,1.1045,0
57.01,60835,-0.3428,0.4797,0.3204,1.0209,0
26.08,72444,-0.0615,0.7041,-1.0252,1.017,0
58.74,55186,-1.3169,1.2083,2.2341,1.0018,0
126.67,31976,-1.6615,-1.8441,0.2551,-0.592,0
19.46,65343,-0.0627,0.6156,-1.4528,-0.4489,0
135.35,27706,0.8698,-0.4847,0.5458,1.0973,0
73.19,6183,0.9092,-1.1516,1.1137,-0.8527,0
49.78,28232,0.4851,0.337,-0.8438,-1.3499,0
81.28,1077,0.1858,1.1494,-0.0447,-1.4052,0
87.61,41727,0.342,-0.6475,1.6443,-0.8766,0
30.88,23757,0.1074,-1.0922,0.3305,1.6119,0
27.32,32324,-2.7494,-0.0389,-0.313,-0.8185,0
96.08,13616,-0.3262,-0.1775,-0.3772,-1.9168,0
16.35,2020,-2.11,-0.7663,-0.3997,1.7436,0
74.80,28420,-0.5572,1.3045,-0.7405,1.0091,0
13.64,10844,-0.4061,-1.0285,-0.2171,0.2773,0
27.23,27190,0.554,-0.583,0.6204,0.4422,0
38.52,62705,0.1515,0.5503,2.0618,0.9394,0
88.30,36662,3.0885,0.516,0.4846,0.704,0
18.04,83405,-0.5062,0.6476,-0.1742,0.1382,0
96.54,47431,0.8632,-0.1617,-0.67,1.1353,0
75.12,63044,-0.3132,0.1655,0.7788,0.9101,0
50.76,9518,0.5852,0.0641,-0.6739,-0.2613,0
41.07,75637,-1.8856,-0.3975,0.0562,-0.2814,0
33.20,43716,0.488,-1.079,-1.628,-0.3482,0
74.54,5593,0.7821,-1.4683,-0.2324,0.2566,0
46.62,73464,0.5393,-0.917,0.0649,0.4203,0
78.30,62835,-0.3452,-2.7038,-0.6215,-0.5244,0
17.89,48602,0.1656,-0.0559,-2.2592,0.2155,0
19.25,4066,-1.2819,0.03,-0.2832,0.3031,0
44.69,3493,-0.2552,-1.5363,-1.4772,-0.5839,0
40.18,2596,0.6252,-0.2792,-0.965,-0.2781,0
48.46,3031,0.3249,1.8784,-0.6689,-0.0735,0
56.88,63148,-0.5006,-1.5493,-0.5108,-1.0737,0
10.16,64914,-0.7957,-1.0471,0.5838,0.6011,0
19.63,59529,-1.8582,-0.4943,0.399,0.8249,0
22.86,37353,1.0519,-1.5157,-1.2476,0.7097,0
153.99,68347,-0.0403,-2.1952,-2.0224,0.1294,0
30.37,18026,-1.1058,0.0655,0.1151,0.9444,0
45.12,83806,0.008,-0.1153,1.0643,-0.9784,0
384.35,49291,0.3753,0.3808,0.5251,1.8771,0
76.25,10725,1.4035,-0.3409,0.1072,-1.2793,0
61.62,85357,-0.6514,0.1002,-0.2841,1.925,0
197.51,51472,0.064,-0.3734,1.106,-0.3289,0
28.87,32913,0.9786,-0.5383,-0.0378,-1.5813,0
71.05,54235,0.7212,1.4618,-0.8461,0.2363,0
19.02,60922,-0.2278,0.7722,0.1018,-1.4126,0
14.13,56444,0.4915,2.0639,1.3625,-1.896,0
126.07,40690,0.9364,-1.5453,-0.3032,1.0955,0
62.82,81152,0.6107,-2.1375,-0.2228,1.138,0
41.05,43051,-0.4989,0.8893,0.9748,1.31,0
81.41,1382,0.7329,0.2655,0.0895,-0.2373,0
15.33,41723,-0.9553,-0.282,0.2415,1.4408,0
39.12,62936,1.0793,-0.2314,0.5947,-0.2435,0
116.48,64392,0.6358,-1.1905,0.1615,1.6481,0
34.99,33568,0.5459,-1.0366,0.5107,-1.3938,0
24.52,25280,1.0757,0.3568,-0.3045,0.4465,0
38.55,363,0.6568,-0.7274,0.0403,-0.3123,0
11.38,43304,-0.9205,1.5682,0.3847,-1.3236,0
11.80,1327,1.5612,-0.1868,1.307,0.3519,0
58.97,76918,-1.3357,0.9375,-0.3349,0.8631,0
21.09,34798,0.352,-0.154,0.4045,-0.2664,0
24.06,57753,1.6055,1.049,-0.7609,0.5684,0
22.33,26321,1.0338,-1.7041,0.9269,-0.2527,0
34.15,5340,0.4098,0.5812,-0.8263,0.7177,0
44.29,24053,-0.1699,1.3813,1.6766,0.7173,0
64.51,5040,0.7906,1.1509,0.7257,0.785,1
54.09,76805,-0.045,-0.6084,-1.8979,0.3396,0
46.94,36033,0.5576,-1.3375,0.645,2.0545,0
43.07,83779,0.309,2.0323,-1.0236,0.2032,0
21.33,32831,-0.547,-0.0496,1.3473,1.801,0
57.89,75796,2.4927,-0.4276,-0.5711,-1.7749,0
123.58,4608,0.9682,2.4178,-1.3895,1.4582,0
42.78,59250,-1.6478,1.4681,0.7865,-0.0389,0
67.77,3361,-0.7655,-0.5794,-0.4634,-1.8527,0
80.59,85281,-0.7013,0.3482,-0.2655,0.3283,0
24.48,59124,-0.8834,1.0521,-0.0639,2.0221,0
41.97,76775,1.2269,0.6308,0.7269,1.1906,0
23.99,73628,-0.1273,-0.1714,-1.2907,-0.2636,0
117.81,67252,-1.3461,-1.5558,1.6648,-0.0903,0
24.10,69064,-0.274,-1.4773,1.4231,-0.3931,0
120.77,19018,1.4295,0.2567,0.8532,0.7191,0
66.60,22033,0.3479,-0.2329,1.9154,-0.9069,0
40.59,74398,0.4024,-0.4295,0.3147,-0.1688,0
11.41,75720,0.0096,-1.1006,-1.7344,0.1369,0
59.76,1095,0.5672,-1.9326,-1.361,1.9735,0
17.50,80166,0.6108,-0.6869,0.0797,-0.6333,0
63.39,25284,-0.4483,-1.0502,0.2678,-1.2127,0
56.94,54487,2.6265,1.3502,0.7183,-0.0856,0
8.58,57086,1.2828,-0.7898,-0.6993,-0.1657,0
17.29,7341,-1.2268,-0.0505,-0.8915,-0.741,0
21.65,59309,-0.2321,-0.1786,0.5969,-0.142,0
32.38,28060,0.4705,0.6682,-0.1471,0.0806,0
21.64,6630,0.7691,0.4449,0.4553,0.2809,0
41.97,26990,0.6964,0.9351,0.9112,-0.1008,0
122.68,19140,0.6324,0.2821,0.247,-0.7358,0
70.89,5321,2.8453,-0.3748,0.071,-0.4462,0
27.37,47373,-0.673,-0.4741,-1.5875,-0.7576,0
10.31,62461,0.6318,2.7997,-0.3667,-1.6668,0
83.10,6805,1.2993,-0.282,-0.6318,-0.178,0
74.16,38003,-0.2274,-0.4967,-0.1988,-1.2719,0
55.57,44546,-0.4441,0.7594,0.303,0.5903,0
38.40,20413,1.1697,0.9247,0.4461,0.9275,0
73.72,37532,-1.3439,0.4204,0.5461,1.0905,0
19.12,7036,-0.9064,0.4599,-0.0712,-1.8858,0
54.60,12098,-0.9453,1.3517,1.8249,-1.2157,0
31.08,32022,0.0426,1.7812,-0.4929,-0.4769,0
139.63,45189,0.7222,-1.4771,-0.1712,-1.6596,0
17.39,79021,0.8392,-0.0499,-0.3191,-0.7487,0
33.90,61527,0.9829,-2.6251,-0.8318,0.1591,0
37.37,45201,0.4034,0.2675,-0.3049,-0.5269,0
33.23,9053,-0.4238,-0.732,-0.0628,0.1833,0
442.41,5390,-0.0003,1.2588,1.232,-0.0638,1
34.17,15386,-0.2558,0.8542,0.231,0.2353,0
16.44,26344,-0.9675,2.1434,-0.1778,-0.7748,0
127.09,21511,0.5782,-0.138,-0.3187,-0.1696,0
13.38,46363,-0.0879,0.296,1.8505,0.086,0
6.25,25061,2.7395,0.8664,-0.8109,0.5911,0
22.34,56082,-1.3538,-0.3484,0.0915,-1.8722,0
16.13,74905,-0.4082,0.3948,-1.2147,0.7141,0
15.69,75664,1.6427,-1.7158,-1.0926,0.4174,0
153.15,5050,0.5629,0.0175,-1.0264,-0.4901,0
15.34,34211,-1.2787,0.4017,-1.1232,0.3196,0
14.28,49503,-0.4887,1.4066,0.3237,1.2358,0
22.10,12526,0.0561,-0.9811,-0.4136,-0.2621,0
22.63,4536,-1.4135,-2.3397,-1.0563,0.6275,0
11.26,50219,-1.3681,1.7909,-0.6365,0.321,0
67.62,72592,-1.5223,-0.2311,-1.6182,2.4463,0
11.29,27956,-1.0478,-1.0406,-1.4967,1.3526,0
280.89,26036,-1.3204,-2.2369,-0.2441,-0.3164,0
24.02,46517,0.2214,0.3952,0.3231,-0.3161,0
16.76,21875,0.0125,0.8884,0.7901,-1.4218,0
12.84,47369,-0.7555,-1.0563,0.7553,0.3513,0
97.45,37630,0.2086,1.1997,0.4697,0.0681,0
132.21,56329,0.1152,-0.3043,-0.8378,0.703,0
108.81,46009,1.3079,-1.97,-0.0555,-0.0401,0
22.61,32731,2.3839,-0.0662,-0.4077,0.026,0
8.15,38101,0.9832,-0.6289,-0.8289,1.3095,0
118.18,82045,0.517,-0.4551,-0.2395,-0.8041,0
18.25,63963,-0.6181,-1.0347,-1.5637,0.2194,0
48.80,60796,1.7008,-0.6683,0.2961,0.3127,0
33.01,52029,0.7752,0.3274,-0.2556,-0.3575,0
13.54,36258,-0.8059,-0.622,-1.124,0.4399,0
105.35,9224,0.2834,-1.0341,-0.3049,-0.6903,0
65.47,26753,-0.6788,1.0117,-0.2457,-0.6496,0
14.84,13075,0.8952,0.2733,2.2388,1.4298,0
31.63,18945,-0.318,0.4697,-0.838,1.1663,0
54.02,58348,0.687,1.7228,0.171,-0.113,0
135.23,8249,0.9676,-0.321,0.0052,0.1954,0
54.03,74983,-1.5425,-0.8874,-0.9647,-0.6438,0
67.21,50933,-0.1689,0.1964,-1.2243,-0.4616,0
64.70,69612,-0.7246,0.1617,2.1988,-0.0176,0
23.23,41409,-0.1738,0.0922,-0.1512,-0.0314,0
12.75,65551,-0.1493,-0.1653,-0.5662,-0.177,0
42.47,61281,0.8894,-0.0992,0.3991,-0.5416,0
63.92,6688,0.8658,0.7135,0.5887,-0.0984,0
49.20,35914,1.0635,-0.6521,-0.6284,0.1814,0
56.39,45478,-0.0748,-0.094,-2.2153,-0.2196,0
35.66,74304,-0.1603,1.4159,-1.2158,-0.8246,0
5.00,21886,-0.3956,-0.51,1.1077,0.8606,0
43.05,25493,-0.3706,1.0262,-0.0198,-0.8183,0
10.25,42301,0.7546,2.2765,0.0616,-0.7654,0
15.67,79384,0.552,-1.7646,0.5503,0.8177,0
57.34,85699,0.5649,0.1709,-0.7781,1.8504,0
30.53,44853,0.7758,-2.4186,1.2765,1.4688,0
41.42,19931,0.5585,-0.6428,0.5471,-0.8086,0
24.85,16421,1.1269,0.9747,-0.7064,-0.7336,0
24.13,29205,-1.0,0.3567,0.7468,-0.0882,0
90.74,6148,-0.3043,-0.2139,-0.9772,1.0172,0
21.91,83250,-0.0713,-1.0528,-0.6091,1.3829,0
47.53,48095,-1.0092,0.3053,-0.1461,3.454,0
50.81,54895,1.42,-1.841,0.0943,1.9944,0
36.86,67652,-1.7333,-0.3959,1.4545,0.3761,0
20.67,24234,-0.5597,0.3612,1.3382,1.0524,0
58.25,12945,-1.3316,-1.3279,0.5333,-1.3455,0
33.77,37568,-1.1376,-1.0243,-0.0941,0.5037,0
94.56,24462,0.6071,0.0737,-0.7462,-1.0709,0
26.88,75770,0.3366,-2.0999,-0.7857,1.2045,0
43.09,3634,-1.417,2.3558,-0.0289,0.3843,0
55.68,78110,-0.7276,2.1217,1.0032,0.8219,0
64.14,78606,-1.0033,1.2775,-0.8431,0.2833,0
10.90,15078,0.3183,-0.8091,-1.9892,0.5406,0
220.54,50914,1.3896,-0.2573,0.0088,0.8877,0
99.26,66717,0.0342,0.3006,0.5539,-0.1331,0
136.45,13535,1.6798,1.5095,0.4774,1.7191,1
29.69,50937,0.5425,3.271,-1.1925,-0.6893,0
56.55,71214,0.3972,1.9501,-0.6684,0.9049,0
102.51,55895,-0.961,1.4078,1.2293,0.5996,0
47.63,81191,0.2261,-0.0787,0.6408,0.0311,0
20.52,46417,-0.752,0.2221,-0.027,0.2153,0
60.38,63090,-0.6273,1.4657,-0.2677,-0.4334,0
59.50,20695,-0.7905,0.9811,-1.7374,1.1176,0
135.49,59750,-0.3695,0.2918,1.1191,-0.4668,0
80.98,67437,-0.4776,-0.7993,0.3426,1.158,0
34.91,50869,-1.2712,-1.0827,0.3946,1.8441,0
55.42,62694,0.7662,-0.2395,-0.3783,-0.9585,0
124.81,77439,-2.5392,0.7979,-0.4637,-0.4103,0
156.62,12713,-0.6801,-0.1304,0.4138,-0.4419,0
11.48,50284,-0.8657,1.2813,0.0748,0.4511,0
32.81,58787,1.6776,-0.1882,-0.4434,1.0961,0
22.69,68947,-0.5947,0.0102,0.0003,0.2596,0
215.58,55874,-2.3781,0.3263,0.0379,0.0435,0
49.24,4517,-0.0287,-0.0526,0.613,-0.5421,0
18.95,20734,-0.7159,0.1001,-1.4957,0.1165,0
19.17,19736,-0.4425,1.0451,0.472,0.5684,0
9.81,64470,-1.1919,1.5286,1.0215,0.5773,0
20.41,49752,0.1516,-0.4709,0.029,-0.2499,0
7.92,78158,-0.0811,-0.4848,-0.5603,0.3585,0
19.79,39576,-2.2552,0.4071,0.5191,-0.1996,0
16.15,58776,-1.4645,-1.0272,-0.7507,0.8439,0
30.26,12871,-0.4479,1.9547,0.3525,0.339,0
30.09,31210,-2.1864,0.9687,0.4483,-0.1792,0
36.24,56896,0.7361,-1.5547,-0.5899,-1.1363,0
166.87,55857,-2.2027,-1.5138,-0.1323,-0.4724,0
14.02,71582,1.9448,0.3125,0.4748,-0.692,0
72.08,66131,-0.2833,0.611,-1.629,1.597,0
46.80,46104,1.2809,-1.0754,-0.9232,-1.1619,0
49.41,38531,-0.4644,-1.0141,-1.2666,-0.0485,0
27.87,1628,-0.6856,1.5471,-0.0823,1.27,0
26.40,67225,-0.0555,-1.6976,1.4283,-0.1352,0
73.49,44559,-0.752,-0.1648,-0.8669,1.236,0
51.89,82818,1.3582,1.1563,0.7653,-1.4217,0
23.18,66819,-1.0039,0.7275,0.1707,-1.3905,0
34.78,74074,-0.0532,-1.6554,0.5288,0.378,0
186.11,41599,0.8479,-0.4229,0.8181,-1.3977,0
18.73,45320,-2.1582,-0.0372,-1.0203,0.1013,0
17.08,23749,0.4242,0.0193,1.4004,0.0067,0
21.87,74439,-1.3442,0.4061,0.5899,2.4692,0
24.59,66506,-0.2678,-0.5758,0.2121,0.3817,0
38.76,18304,-0.617,0.9862,0.5385,-0.012,0
31.44,3210,2.4267,-0.817,0.2979,-0.7502,0
168.76,72022,-0.6783,0.5126,0.2577,-0.5166,0
74.18,42269,0.3893,0.2157,-0.0419,0.4311,0
48.59,15926,-0.641,1.6938,-1.0504,0.4276,0
31.31,76338,1.7595,-0.9035,-0.7353,-0.9698,0
52.39,39254,-0.4785,-2.1524,0.2404,-0.5002,0
12.30,53834,1.0856,-1.3077,0.7969,-0.701,0
145.66,37221,-1.008,-0.9171,0.6055,-0.2624,0
35.32,26234,1.2722,-0.7487,0.0913,0.9546,0
77.27,65075,-0.2889,-1.7388,-1.0562,0.3184,0
36.22,55174,0.0749,1.0393,-1.1873,-0.2362,0
47.04,82949,1.4315,0.9086,0.2901,1.7942,0
12.19,4581,-0.0077,0.3663,-0.9146,0.3007,0
16.69,59757,1.0578,0.2723,-1.8528,-0.9668,0
63.55,79349,0.0212,-2.694,1.2428,0.1367,0
21.00,85841,-0.6775,-0.6885,0.3584,1.781,0
148.25,49619,0.3597,0.4624,0.7915,-1.257,0
67.72,38797,0.3185,-0.2275,0.5012,0.1181,0
3.46,26479,0.1789,0.6422,0.4459,-0.1026,0
150.46,66899,-1.3445,0.3114,0.4377,1.0445,0
54.06,86132,-0.898,-2.4383,-0.4771,0.7609,0
30.49,33065,0.1487,1.2881,-0.2952,0.4676,0
60.63,57765,1.5016,-1.7066,-0.4584,0.8485,0
139.31,43276,-0.2927,0.7571,0.8687,-0.3597,0
52.68,36970,1.1805,1.8905,0.7426,0.0441,0
38.73,36144,-0.1157,0.1896,-1.0579,1.2971,0
16.25,38603,-0.4321,0.0976,1.991,-0.4227,0
23.74,34805,1.6589,-2.8123,-1.0027,2.7313,0
64.89,79153,-1.106,-0.0419,0.0675,0.8461,0
176.20,39294,-0.5398,0.7871,-0.6983,-1.0333,0
9.90,67317,-1.5651,-0.8964,-1.1778,0.3132,0
15.49,16812,-1.0439,-0.4719,-0.6054,1.5195,0
24.76,41691,0.8809,-0.019,-0.0423,-0.8354,0
38.59,13953,0.17,-0.2362,-0.9446,0.9919,0
56.91,37878,-0.4481,0.1455,-0.0838,-0.8676,0
42.79,68150,-0.9449,-1.6228,-0.3586,0.567,0
23.20,6479,2.5207,0.8857,1.3043,0.7952,0
178.09,14060,-2.5607,-0.4461,0.5582,0.1515,0
50.42,27552,1.3209,0.3821,0.7989,-0.9396,0
16.84,58681,0.1009,-0.6232,-0.6214,-0.6491,0
22.94,72804,-1.2831,-1.5004,-0.195,-0.5929,0
98.07,35074,0.2653,-0.7431,-0.121,0.361,0
245.02,8337,0.2061,1.3791,0.008,0.7928,1
27.33,30946,0.2684,0.7253,0.5753,0.4222,0
30.60,61737,-0.8067,0.5517,0.4264,-0.5609,0
98.25,8553,-0.5835,1.6364,0.8686,-0.358,0
50.90,25865,0.1548,-2.7456,-0.9065,-0.0508,0
30.41,55877,1.1295,-0.3215,-1.0577,0.3249,0
31.15,23754,-0.1561,-0.2918,2.2418,-2.2407,0
29.65,27599,-0.7811,0.8998,0.8133,-0.0478,0
32.57,10828,-0.112,-0.1048,-0.0784,-0.188,0
49.50,74262,-1.2303,-1.0507,-1.7485,0.8664,0
49.42,57215,0.5053,-1.4295,1.7849,-0.6089,0
46.27,25225,-0.987,-0.5463,0.1792,2.8575,0
51.46,47901,1.6064,1.2057,0.368,-0.9892,0
94.42,71712,1.6009,0.2,-2.6502,-0.3405,0
68.25,9422,-0.237,0.715,-0.85,-1.306,0
38.20,53803,-0.3484,1.2273,-0.8502,0.3132,0
42.71,76791,-1.5567,-1.319,0.0119,1.9812,0
64.29,39343,-3.1105,0.7331,-0.0962,1.1413,0
19.99,18723,0.3502,0.8462,-0.4475,-0.4261,0
41.27,62934,-0.0143,0.974,-0.4619,-1.3284,0
196.68,23825,-0.6046,-0.5684,-0.0658,0.0672,0
29.69,23262,-0.0398,0.1748,-2.3575,1.8809,0
35.95,21678,0.5806,-1.3781,-0.471,-0.6723,0
131.08,80685,0.7581,-0.6504,-0.4526,-0.2456,0
112.96,45922,-1.8899,-1.3157,-1.9473,-1.0875,0
21.13,81067,-0.7341,-2.0147,-1.018,1.2004,0
55.86,20449,0.1875,-1.0028,-1.5361,-1.1392,0
39.07,1015,0.9024,0.6306,-0.7376,0.0245,0
31.28,32006,-0.2012,2.0371,-1.762,-0.2347,0
106.63,44309,-0.6437,-0.529,-0.2233,-1.596,0
65.12,17995,0.6663,0.5084,-0.8704,0.0865,0
19.70,17491,2.1535,0.0957,-1.1875,0.1803,0
13.72,79435,-1.199,-1.0411,-0.4443,0.937,0
64.25,48859,-1.0989,-0.5413,0.272,-0.6283,0
32.37,53155,0.4414,-0.3488,0.2261,1.5927,0
35.25,17523,0.5594,-1.4672,-1.1021,-0.8336,0
20.41,20299,-0.0903,0.6146,1.2552,0.3082,0
28.32,32167,0.0706,0.0258,0.1829,2.1062,0
109.12,72570,0.7851,-0.9621,-0.513,-0.0948,0
21.75,5868,0.3569,-1.0883,1.1968,0.1023,0
10.14,4011,-0.0513,0.2812,0.9728,-0.3375,0
78.44,47996,-1.3151,-1.4152,1.1226,1.196,0
52.37,34382,1.4957,1.0566,0.6836,-0.9113,0
161.60,46591,-0.3858,-0.6683,0.2568,-1.6711,0
70.79,70573,-0.9536,0.3706,-0.5216,-0.2644,0
22.08,24510,1.8894,1.3851,0.3545,-0.0253,0
79.47,44319,1.13,-0.8298,-0.0774,-1.822,0
99.33,34428,0.0801,-2.125,0.6089,-0.9041,0
23.79,42161,0.6266,0.2546,-0.4881,-0.6496,0
44.73,85254,-1.1092,-0.3326,0.3396,-0.1781,0
13.06,35969,0.9891,-2.7388,-0.4464,-0.6202,0
45.54,52373,1.1268,-0.7124,0.5866,0.1958,0
10.29,71532,1.9005,-1.4388,0.4195,0.39,0
50.43,59312,0.8273,-1.5604,-0.0658,-0.5639,0
23.53,72289,0.4287,1.0775,-0.3433,0.7807,0
42.09,60147,-0.258,-0.2995,-0.6967,0.4285,0
48.80,53795,-1.5906,-1.6515,0.4247,-0.8153,0
51.50,80357,-1.271,-1.4115,1.6744,0.3516,0
28.92,15136,-0.9339,-0.5104,-1.1906,0.8834,0
21.73,64361,-0.4006,-1.0434,-0.4263,-2.6242,0
36.72,80302,-0.1701,0.8247,-1.8863,1.1619,0
77.98,8786,-0.0527,1.0139,-1.4712,0.713,0
21.83,5422,-1.6514,-1.1241,0.0055,-0.8243,0
54.65,26614,-2.1271,1.3724,0.9038,-1.0493,0
40.35,63373,1.0195,0.4192,0.1482,1.0952,0
22.54,52135,-0.0178,-0.2728,-0.3898,0.0729,0
41.58,370,-1.0484,0.8018,-0.9764,-0.2182,0
31.94,38999,-2.1191,0.8909,-0.677,1.22,0
27.59,77320,-0.0488,1.9138,-0.2773,1.2388,0
41.73,18028,0.07,0.8479,-0.6855,-0.984,0
24.27,46904,0.0997,-0.2208,0.7103,1.3047,0
18.53,77725,-1.4362,2.0304,0.3047,0.4798,0
13.84,38982,-0.0012,0.5092,-0.2528,1.0757,0
257.10,29799,-1.0221,-0.8778,1.6062,1.0424,0
36.29,48458,0.0366,-0.8165,0.89,-0.3799,0
32.85,17734,-0.188,-0.235,0.0106,0.7954,0
150.99,35073,0.5855,0.8033,-0.1999,-0.7078,0
68.25,77968,-1.4226,-0.3281,-0.0829,-0.5105,0
132.34,22576,0.4798,1.3732,0.2634,0.0814,0
19.12,38419,0.0131,-1.3671,-0.5395,-0.3233,0
56.31,64949,0.4614,-0.5813,0.4689,-0.1821,0
4.07,22153,1.079,-1.6818,0.1127,1.5853,0
22.01,4297,0.0021,-1.304,1.6272,-0.0833,0
41.98,79255,0.6615,-0.8756,-0.6473,0.4949,0
24.55,49882,-2.1172,-0.0532,-1.4802,1.6163,0
46.59,52485,-0.6986,-1.8894,-1.0995,1.0163,0
241.15,47936,0.7264,-0.092,-0.432,-0.9565,0
210.15,27405,2.1156,1.3935,-1.7408,-0.666,0
23.68,22661,-0.0798,-0.0603,2.9962,-1.0772,0
48.58,32808,-0.0016,0.1102,-1.0448,0.1065,0
60.89,36755,0.3276,0.5702,1.4126,0.937,0
42.82,73582,-0.6,-0.2196,0.2523,-0.4783,0
19.13,74634,-1.1882,-1.6512,-0.235,-1.4697,0
18.17,38622,-1.3359,0.3798,0.7402,-0.5494,0
28.51,13895,0.5374,-0.714,-0.7827,1.1965,0
82.05,73356,0.9256,-1.9773,1.3538,0.3921,0
90.80,25757,0.3872,0.0489,-0.2753,0.3671,0
31.52,25545,-1.5865,-0.5416,2.0448,-0.6261,0
33.42,80205,-0.8826,0.3358,-0.7363,-0.1856,0
79.77,20486,0.7886,0.8222,1.055,0.1405,0
540.78,36966,1.0545,0.3249,-0.8759,-0.0971,0
126.60,13972,1.4783,0.7852,-1.2557,0.4872,0
14.98,18696,-1.4875,0.2392,0.5232,0.9034,0
60.20,24968,-0.9847,-0.105,-1.5071,-2.0034,0
73.15,80367,-0.7531,0.8725,1.1083,-0.6193,0
64.86,44646,-1.8459,0.1233,-0.4709,-0.4401,0
196.42,58908,-1.5259,0.3829,-0.9948,0.9083,0
51.35,9471,-0.9449,-0.7656,0.9273,1.7708,0
59.40,66934,-0.8974,0.3389,2.4275,0.1024,0
130.25,66005,-0.0421,0.6196,0.3973,-0.7664,0
21.17,67862,0.9883,1.1916,1.5121,1.8039,0
45.05,27377,1.351,0.7131,-0.9825,-1.0336,0
59.95,36886,-0.1773,-0.0264,1.0725,0.759,0
117.20,24400,0.2534,0.6947,-1.5266,-0.6549,0
20.65,82989,0.0217,1.6279,2.0226,-0.8143,0
61.64,53216,0.3876,0.399,0.3037,1.6876,0
97.71,45826,-1.0602,0.7957,0.8924,0.315,0
100.00,12391,0.2005,0.1212,-2.0182,-0.0804,0
23.70,68787,-1.1864,1.434,0.5042,-0.0298,0
25.74,8360,0.9914,-0.827,-0.0048,0.8681,0
8.60,38962,-0.0576,-0.4293,-0.1338,-0.5016,0
45.15,54326,-0.3239,0.2917,1.9947,-0.55,0
172.73,64444,0.0053,1.7819,0.7502,0.3071,0
38.38,73360,0.0758,0.8974,-0.0131,-0.3166,0
33.09,14792,0.9925,1.2252,-0.6672,-0.6686,0
54.79,63216,1.146,-1.2519,-0.2641,-0.9306,0
32.65,28262,1.6044,-1.4226,-1.6189,-0.8286,0
50.90,73666,0.4374,1.1757,-1.7631,1.1883,0
31.51,79077,0.7315,-1.3234,0.005,0.2363,0
101.96,41442,0.0308,-1.0852,0.5055,0.7772,0
113.27,31915,-0.535,0.9272,1.3609,-1.6432,0
66.01,11611,-0.2587,-1.2108,0.943,-1.1995,0
35.07,39294,-0.0401,0.7155,-0.6266,-0.6846,0
43.78,22387,2.2875,-1.5075,0.3153,-1.0865,0
91.38,80303,-0.9385,-0.6746,-0.5893,-0.0762,0
52.38,70254,-0.0058,-1.3299,0.7278,-0.053,0
102.45,1620,-0.7077,-1.6023,-0.034,1.296,0
46.01,51364,-0.8703,1.7578,-1.0296,-0.7254,0
63.82,28022,-1.856,1.2746,0.6242,0.8992,0
63.21,49656,-1.0631,-0.1401,-0.9752,0.4862,0
77.12,815,1.4768,0.3718,0.9246,-0.2971,0
27.59,46019,-0.3865,0.2692,-1.0612,-0.8816,0
67.24,47352,0.8867,-0.9857,0.6706,-0.5327,0
40.98,75299,0.8075,0.7959,1.9088,-0.7039,0
